LandProvince;SeaZone;x;y;
far_isle;far_isle_coast;2444;1551;x
eargate;damesear_crossing;2844;1529;x
old_damenath;old_damenath;2813;1549;x
moonmount;anbenncost;2819;1522;x
varivar;varivar;2835;1549;x
anbenncost;anbenncost;2810;1533;x
moonisle;moonisle;2829;1513;x
wesdam;damesteeth_channel;2774;1529;x
damesteeth;damesteeth_channel;2798;1523;x
toothsend;damesteeth_channel;2777;1520;x
the_pearls;dameshead_approach;2802;1457;x
windtower;damesteeth_channel;2780;1517;x
troutcoast;dameseye_coast;2769;1545;x
dockbridge;dockbridge;2789;1515;x
triancost;triancost;2796;1509;x
stoneview;stoneview;2804;1504;x
throatport;west_damesneck;2797;1484;x
neckcliffe;west_damesneck;2799;1489;x
modgate;dameseye_coast;2769;1541;x
yshwood;east_damesneck;2837;1500;x
toarnaire;imperial_winebay;2730;1499;x
loopuis;imperial_winebay;2734;1493;x
toref_citadel;busilari_straits;2933;1364;x
new_tefkora;tefkora_pass;2954;1347;x
damesdale;damesdale;2841;1519;x
oldport;lorentish_winebay;2722;1513;x
lions_pass;gulf_of_stone;2955;1381;x
vivinmar;vivinmar;2735;1484;x
pearlsedge;dameshead_approach;2796;1472;x
strongport;south_damesneck;2838;1475;x
jewelpoint;dameshead_approach;2786;1463;x
lanpool;jewelpoint_bay;2766;1455;x
tretun;tretunic_coast;2745;1469;x
napesbay;south_damesneck;2836;1466;x
watchmans_point;wyverns_gulf;2840;1454;x
port_munas;east_damesneck;2841;1497;x
dancers_retreat;east_damesneck;2833;1492;x
silverwoods;south_damesneck;2837;1482;x
roilsard;imperial_winebay;2732;1506;x
east_saltmarsh;beepeck_bay;2787;1585;x
casthil;lorentish_winebay;2709;1506;x
pircost;pircost;2711;1492;x
foxalley;bay_of_wines;2706;1473;x
new_adea;bay_of_crovan;2647;1476;x
crovans_rest;bay_of_crovan;2638;1478;x
coruan;coruan;2711;1469;x
sornbay;southcoast;2641;1448;x
bottlepoint;bottlepoint;2719;1467;x
sornaire;southcoast;2654;1449;x
ebenuel;coast_of_ebenuel;2706;1449;x
casna_ola;bay_of_crovan;2647;1469;x
aishill;hillsight_approach;2686;1440;x
venail;bay_of_crovan;2611;1454;x
edilliande;fogged_sea;2580;1458;x
nurionn;nurionn;2705;1498;x
aelhill;hillsight_approach;2671;1431;x
wineport;bay_of_wines;2713;1484;x
lencesk;westcoast;2611;1515;x
hollowview;hollowview;2605;1505;x
mistspear;fogged_sea;2591;1492;x
aelvar;westcoast;2624;1530;x
westport;westcoast;2621;1551;x
clearshore;westcoast;2622;1575;x
baynoms;shattered_bay;2685;1653;x
thunderward;thunderward;2636;1588;x
portnamm;portnamm_bay;2641;1611;x
firstsight;southcoast;2603;1443;x
southroy;southroy;2640;1598;x
eldergreen;reavers_approach;2651;1621;x
reavers_landing;reavers_landing;2658;1630;x
stormpoint;stormpoint;2678;1647;x
olmaddit;olmaddit;2696;1657;x
baycodds;shattered_bay;2685;1659;x
beepeck;beepeck_bay;2795;1585;x
exwes_by_the_sea;beepeck_bay;2783;1564;x
west_saltmarsh;beepeck_bay;2789;1577;x
hookfield;dameseye_coast;2778;1554;x
royvibobb;shattered_bay;2705;1663;x
auraire;damesteeth_channel;2802;1533;x
nimscodd;dragon_coast;2618;1659;x
haighpeck;shattered_bay;2703;1668;x
tholod;shattered_bay;2680;1668;x
widdechand;dragon_coast;2638;1691;x
chiddeburd;dragon_coast;2626;1698;x
lilroy;dragon_coast;2610;1701;x
oddansbay;bay_of_oddan;2581;1715;x
norcamb;norcamb;2591;1728;x
norbit;norbit;2622;1737;x
adderodd;adderodd;2659;1740;x
ionddammroy;dragon_coast;2657;1670;x
middanbit;middanbit;2707;1738;x
moorbobb;sea_of_broken_ice;2738;1741;x
lilcodd;sea_of_broken_ice;2692;1764;x
storm_isles;sea_of_storms;2688;1807;x
brontay_point;brontay_point;2763;1744;x
cottersea;sea_of_broken_ice;2773;1751;x
leapdon;sea_of_broken_ice;2778;1759;x
coddorran;sea_of_broken_ice;2772;1766;x
oddcodd;sea_of_storms;2759;1823;x
docodd;sea_of_broken_ice;2754;1781;x
haighbobben;serpents_maw;2802;1802;x
the_strip;uelcoast;2799;1601;x
uelaire;uelcoast;2803;1614;x
highwind;floodmarsh_coast;2809;1624;x
south_floodmarshes;floodmarsh_coast;2825;1643;x
north_floodmarshes;bay_of_vertesk;2830;1655;x
vertesk;bay_of_vertesk;2838;1658;x
ebenaire;bay_of_crowns;2886;1630;x
damescrown;bay_of_crowns;2880;1622;x
aramar;bay_of_vertesk;2869;1639;x
highharbour;bay_of_vertesk;2854;1652;x
crownsway;bay_of_crowns;2880;1608;x
coastroad;coastroad;2883;1584;x
yearncliff;lovers_coast;2878;1577;x
ryalanar;lovers_coast;2872;1564;x
fencewood;coast_of_konwell;2876;1550;x
konwell;konwell;2870;1539;x
damescross;damesear_crossing;2850;1525;x
stoutharbour;wyverns_gulf;2853;1453;x
heroes_rest;wyverns_gulf;2860;1446;x
heartspier;wyverns_gulf;2881;1437;x
wyvernmark;wyverns_gulf;2889;1427;x
arca_lar;wyverns_gulf;2893;1421;x
acromton;acromton;2863;1535;x
bleakpass;bleakpass;2694;1742;x
newacre;floodmarsh_coast;2813;1628;x
port_jaher;gulf_of_stone;2967;1407;x
lorbet;gulf_of_stone;2974;1421;x
lioncost;gulf_of_stone;2953;1395;x
port_jurith;tefkora_pass;2933;1343;x
derancestir;busilari_straits;2919;1379;x
lorincrag;busilari_straits;2909;1382;x
the_tail;eborthil_approach;2883;1396;x
stingport;wyverns_gulf;2843;1436;x
stonegaze;tefkora_pass;2963;1369;x
eborthil;eborthil;2918;1362;x
krodamat;krodamat;2886;1325;x
deshak;coast_of_deshak;2864;1325;x
adseenu;dog_coast;2803;1335;x
addsen;dog_coast;2788;1334;x
akasat;akasat;2755;1332;x
sensha;bay_of_ekha;2744;1341;x
tipspit;tipspit;2715;1348;x
benirkes;ekhani_tip;2723;1317;x
habnits;ekhani_tip;2737;1291;x
sirspit;ekhani_tip;2740;1281;x
unrawu;tefkora_pass;2915;1332;x
khasa;khasa;2846;1324;x
ekha;ekha;2733;1347;x
rhamsopot;coast_of_deshak;2856;1326;x
mushesh;mushesh;2901;1336;x
khalur;khalur;2879;1321;x
bus_akasu;dog_coast;2762;1357;x
bhetu;ekhani_tip;2666;1306;x
irmathmas;gulf_of_stone;2976;1440;x
doveswall;gulf_of_stone;2984;1449;x
sorncell;gulf_of_stone;2991;1448;x
jorathur_fields;flooded_coast;3022;1477;x
new_corveld;flooded_coast;3038;1463;x
dostanesck;flooded_coast;3041;1457;x
nathalaire;flooded_coast;3027;1468;x
gemisle;flooded_coast;3029;1432;x
orispot;orispot;2942;1306;x
idatsmu;north_salahad_coast;2955;1284;x
xa_urum;xa_urum;2969;1284;x
rasusopot;north_salahad_coast;3012;1275;x
haat_komit;coast_of_kheterat;3043;1243;x
ponkhetat;coast_of_kheterat;3064;1232;x
koroshesh;coast_of_kheterat;3088;1236;x
hamatsopot;bay_of_paws;3123;1207;x
idatsay;bay_of_paws;3147;1201;x
buhurusopot;bay_of_paws;3156;1209;x
azka_jexis;bay_of_paws;3158;1228;x
rosutaaru;bay_of_paws;3164;1237;x
khetraz;sea_of_elizna;3188;1238;x
elizna;elizna;3154;1252;x
gomhitxanrit;gomhitxanrit;3210;1212;x
miumud;bay_of_brasan;3245;1209;x
bagsumosdat;bay_of_brasan;3269;1188;x
biaaat;biaaat;3293;1181;x
nisoppirit;bay_of_brasan;3319;1179;x
kaashesh;coast_of_kheterat;3075;1233;x
blachyl;gulf_of_ouord;3068;1437;x
aldanhol;gulf_of_ouord;3095;1444;x
bal_ouord;gulf_of_ouord;3104;1443;x
fatherwell;fatherwell;3098;1435;x
southtower;gulf_of_ouord;3094;1422;x
madiroud;gulf_of_ouord;3085;1418;x
withacen;withacen;3066;1413;x
katrano;sea_of_follies;3042;1401;x
sirafan;coast_of_yametses;3054;1388;x
arekis;coast_of_yametses;3068;1386;x
re_uyel;coast_of_yametses;3072;1373;x
zorntanas;coast_of_yametses;3088;1372;x
isle_of_adrail;south_dameshead;2838;1580;x
gordihr;sea_of_echoes;3107;1365;x
ovdal_tungr;sea_of_echoes;3114;1376;x
kaproya_telen;purple_coast;3135;1387;x
vernat;purple_coast;3144;1387;x
eduz_wez;eduz_wez;3158;1390;x
pir_ail;gulf_of_glass;3175;1360;x
agshelum;gulf_of_glass;3190;1387;x
aqatbar;gulf_of_glass;3199;1384;x
eduz_szel_ninezim;gulf_of_glass;3203;1378;x
fajabahar;gulf_of_glass;3209;1359;x
deshkumar;gulf_of_glass;3221;1356;x
wibnuat;bay_of_paws;3106;1226;x
eonkavan;gulf_of_glass;3230;1338;x
kaboustraz;bay_of_mirrors;3255;1302;x
kuztanuz;bay_of_mirrors;3278;1285;x
zanakes;zanakes;3287;1286;x
anzabad;bay_of_mirrors;3285;1273;x
aqatabtu;bay_of_mirrors;3278;1271;x
rakkubtu;rakkubtu;3271;1265;x
djinnkalis;bay_of_brasan;3248;1238;x
brasan;bay_of_brasan;3258;1232;x
ergulagnu;salahad_bay;3655;1062;x
kadumar;bay_of_brasan;3291;1220;x
brasan_tanuz;bay_of_brasan;3280;1219;x
dromaz;sea_of_elizna;3226;1259;x
drolaklum;drolaklum;3251;1278;x
betelis;bay_of_mirrors;3231;1289;x
kurmod;sea_of_elizna;3212;1268;x
drolas_tip;drolas_strait;3197;1320;x
yametses;sea_of_echoes;3083;1353;x
glass_isles;gulf_of_glass;3212;1325;x
rakutmu;bay_of_brasan;3303;1204;x
salahad_gate;bay_of_brasan;3308;1186;x
storm_coast;storm_coast;2828;1805;x
deland;deland;2844;1812;x
celmaldor;serpents_maw;2846;1815;x
mawdock;mawdock;2825;1816;x
eyegard;serpents_maw;2813;1841;x
serpentback;serpentback;2865;1835;x
coldmarket;coldmarket;2890;1825;x
esald;bay_of_chills;2998;1776;x
reachspier;chilly_approach;2939;1790;x
ordal;chilly_approach;2936;1800;x
drowned_giant_isles;bay_of_chills;2971;1785;x
jotunsglotta;frozen_pass;2817;1863;x
south_chillsbay;south_chillsbay;2986;1755;x
estshore;bay_of_chills;2995;1764;x
chillpoint;chilly_approach;2996;1807;x
sondaar;vrorensbay;3011;1797;x
cedevik;cedevik;3035;1804;x
rivsby;vrorensbay;3050;1803;x
alencay;alencay;2972;1761;x
everwharf;bay_of_chills;2962;1779;x
bayvic;serpentback_coast;2920;1807;x
envermarck;serpentback_coast;2906;1814;x
seawall;seawall;3063;1798;x
isle_vroren;vrorensbay;3063;1805;x
bal_vroren;bal_vroren;3074;1799;x
ricancas;damesear_crossing;2836;1514;x
millsbay;coast_of_konwell;2876;1544;x
crothan;bay_of_crowns;2879;1632;x
bordercliff;flooded_coast;3002;1464;x
aiscestir;flooded_coast;3014;1473;x
loubhir;whalesbay;1736;1505;x
brunvern;silsensald_sea;1658;1413;x
silsensald;silsensald_sea;1638;1394;x
cas_colunn;silsensald_sea;1638;1411;x
taelarios;western_lastsight_islands;2195;1318;x
narawen;western_lastsight_islands;2130;1299;x
ivrandir;western_lastsight_islands;2090;1283;x
camnaril;coast_of_endrallian;2041;1295;x
antir_tifur;antir_tifur;1880;1302;x
ibsthemar;ibsthemar;1836;1305;x
arfil;coast_of_endrallian;1909;1269;x
isehris;coast_of_endrallian;1934;1283;x
the_twins;coast_of_endrallian;1950;1251;x
foirint_isles;bay_of_relief;1816;1348;x
sisters_coast;sisters_coast;1918;1248;x
celodirin;calamity_approach;1995;1190;x
criodhcel;lanaiandes_fall;1956;1167;x
samchi_moine;samchi_moine;2105;1171;x
orric_cheid;orric_cheid;2157;1159;x
antir_soara;banished_sea;2196;1136;x
coast_of_rebirth;bay_of_hope;2175;1101;x
lamin;bay_of_hope;2154;1087;x
naidrean;obaithail_bend;2116;1119;x
emulyon;fiorgam_coast;1773;1507;x
cheiri;cheiri;1779;1546;x
fiorgam;fiorgam_coast;1798;1519;x
sporreyn;frozen_pass;2844;1858;x
vuglborg;frozen_pass;2812;1874;x
nautakr;frozen_pass;2850;1877;x
torbjoldhavn;frozen_pass;2820;1887;x
konungrhavn;frozen_pass;2841;1884;x
revrhavn;reavers_coast;2779;1875;x
vestrund;reavers_coast;2768;1889;x
jotunskol;titans_walk_coast;2910;1894;x
rosstavik;titans_walk_coast;2935;1899;x
glodborg;titans_walk_coast;2880;1873;x
redgarhavn;gerudian_bank;2967;1888;x
olavsborg;gerudian_bank;2981;1897;x
avnkaup;gerudian_bank;2990;1906;x
orstengard;gerudian_bank;2993;1899;x
naugsvol;gerudian_bank;2999;1888;x
baldersby;gerudian_bank;3007;1884;x
urviksten;gerudian_bank;3025;1863;x
giants_manse;giants_manse_coast;2944;1861;x
giantsmarch;vrorensbay;3053;1822;x
knarhatt;reavers_coast;2755;1864;x
brutnord;brutnord;2782;1976;x
murtrhol;fjordsbay;2786;1996;x
thurrsbol;fjordsbay;2744;1993;x
eikodr;frozen_pass;2803;1885;x
allt;fjordsbay;2693;2000;x
dukklbjarg;fjordsbay;2734;1957;x
lonely_isle;lonely_isle_sea;2341;1777;x
scadhimeial;scadhimeial;1814;1306;x
arbrinne;arbrinne;1755;1319;x
rubenshore;rubenshore;1732;1285;x
bristentir;bristentir;1701;1299;x
jercel;jercel;1672;1281;x
aelthan;severed_bay;1686;1229;x
marbeloch;north_gate_sea;1743;1171;x
endrals_reach;north_gate_sea;1773;1162;x
cymcost;pirendral_strait;1874;1147;x
rhaedemele;lanaiandes_fall;1920;1134;x
imeldubast;coast_of_sella;1594;1466;x
fiorcog;fiorcog;1583;1484;x
sella;coast_of_sella;1589;1447;x
kwinehkost;coast_of_sella;1570;1424;x
pointy_end;east_bloodgroves_coast;1465;1304;x
vincenton;west_bloodgroves_coast;1365;1331;x
trollsbridge;trollsbay;1303;1329;x
tehaneksom;tehaneksom;1293;1354;x
marlliande;north_trollsbay;1293;1368;x
georgs_beach;north_trollsbay;1246;1353;x
ynnsmouth;north_trollsbay;1236;1369;x
zankumar;west_trollsbay;1199;1330;x
trasilden;trasilden;1203;1321;x
port_isobel;west_trollsbay;1211;1302;x
isobel_island;west_trollsbay;1211;1306;x
thilvis;thilvis;1209;1286;x
laneksfield;laneksfield;1235;1277;x
armocsport;armocsport;1249;1273;x
valorpoint;valorpoint;1274;1273;x
cape_deryk;trollsbay;1286;1245;x
trollmark;trollcoast;1252;1228;x
seven_stone_trolls;trollsbay;1314;1301;x
saamiribar;trollcoast;1255;1175;x
ulmisore;trollcoast;1238;1166;x
uturakal;northern_reapers_coast;1242;1138;x
travellers_rest;north_gate_sea;1725;1156;x
irmathuan;pirendral_strait;1826;1116;x
qathcel;pirendral_strait;1846;1076;x
gate_islands;south_gate_sea;1733;1033;x
bronnail;south_gate_sea;1738;990;x
docheamur;docheamur;1847;978;x
vardihen;vardihen;1777;987;x
eadohas;sea_of_despondence;1719;966;x
cape_of_revelation;endrals_way;1703;904;x
mortrin;endrals_way;1704;889;x
ineilaine;silverten_pass;1730;861;x
bacadh_tras;silverten_pass;1778;812;x
ochchus_coast;ochchus_sea;1834;810;x
ciallaire;ochchus_sea;1861;853;x
lethpaiss;faliltverten_coast;1862;892;x
faliltverten;faliltverten_coast;1874;936;x
sheah_frigoria;silverten_pass;1701;847;x
gearum_rog;endrals_way;1664;895;x
sheahin;endrals_way;1620;849;x
arore;endrals_way;1591;819;x
graxarr;graxarr;1547;1064;x
unitz;ruinous_core;1539;1130;x
madarr;ruinous_core;1522;1173;x
graxilzin;ruinous_core;1494;1193;x
breccia_stacks;verten_coast;1440;1154;x
splashback;verten_coast;1429;1137;x
melted_detritus;verten_coast;1426;1124;x
busted_rocks;verten_coast;1408;1066;x
north_verten;verten_coast;1386;1051;x
west_verten;verten_coast;1380;1024;x
pirates_retreat;pirates_retreat;1350;1039;x
new_calas;the_bend;1341;1046;x
marail;marail;1309;1034;x
glorious_views;isles_of_plenty;1309;994;x
untamed_paradise;untamed_paradise;1333;964;x
endless_sun;isles_of_plenty;1283;936;x
perfect_beaches;perfect_beaches;1288;952;x
devine_vines;isles_of_plenty;1260;962;x
sudden_quagmire;cape_mordun;1234;964;x
abrupt_drops;abrupt_drops;1240;1012;x
instant_thirst;the_dread_sea;1221;1013;x
south_reprieve;cape_mordun;1224;984;x
north_reprieve;north_reprieve;1232;1023;x
the_speck;the_dread_sea;1199;1017;x
ruined_stacks;ruined_stacks;1187;1004;x
plenty_far;davies_coast;1336;906;x
new_ainway;the_bend;1316;1022;x
reapers_due;the_dread_sea;1192;1057;x
crownisle;crownisle;1310;1010;x
chesh;the_dread_sea;1203;1086;x
isle_of_life;southern_reapers_coast;1142;1040;x
isle_of_death;isle_of_death;1126;1050;x
vertencost;silverten_pass;1760;836;x
tennith;tennith;1578;1400;x
aggolinn;mouth_of_ruin;1576;1354;x
jertrinnkost;east_bloodgroves_coast;1537;1344;x
sennsect;east_bloodgroves_coast;1473;1357;x
cardumh;cardumh;483;1626;x
malpadh;glorelthir;452;1558;x
mordun_point;north_lovers_pass;1125;937;x
halann;anbennar3579;4490;754;x
frondvagr;upper_dalairey_coast;1628;1715;x
ambrstrond;upper_dalairey_coast;1666;1718;x
gufvidr;iceberg_alley;1714;1724;x
forlorn_isle;coldswells;1833;1663;x
fjelstron;new_fjords;1712;1780;x
hasyni;new_fjords;1671;1819;x
votsend;fjordwash;1630;1840;x
stolkltur;fjordwash;1596;1848;x
tlemjord;tlemjord;1579;1880;x
kalgre;fjordwash;1542;1894;x
wanderers_bay;wanderers_sea;1729;1121;x
brotistadr;brotistadr;1503;1915;x
gliosail;broken_bay;1397;1897;x
gahmail;broken_bay;1418;1910;x
ndvariond;ndvariond;1480;1945;x
serenailean;serenailean;1344;1946;x
grimmstig;broken_gate;1423;1958;x
beinijord;beinijord;1435;1908;x
proiatudadd;proiatudadd;1424;1893;x
drominarcant;eastern_floeway;1354;1917;x
themarvar;themarvar;1404;1867;x
aineuan;aineuan;1372;1863;x
iadhthil;iadhthil;1368;1871;x
aistin;broken_bay;1382;1885;x
rhascost;rhascost;1336;1906;x
rhedhiande;rhedhiande;1268;1927;x
dhancost;dhancost;1202;1843;x
thilore;bay_of_verencel;1236;1879;x
dalliande;bay_of_verencel;1258;1865;x
lessor_tussock;bay_of_respite;1335;857;x
verencel;bay_of_verencel;1180;1799;x
fadlecarser;fadlecarser;1147;1798;x
fadlecaiarser;fadlecaiarser;1093;1831;x
arsergozhar;arsergozhar;1032;1834;x
hrelabzan;hrelabzan;966;1826;x
aerin;aerin;968;1888;x
knofirm;knofirm;555;1627;x
nazobcanobst;nazobcanobst;886;1755;x
toreipadh;eigras_gate;821;1650;x
wyltgawin;randrunnse;837;1545;x
kaydhano_sea;tumhar;3617;993;x
darsnech;darsnech;771;1542;x
the_rim;cape_loranakodro;3141;644;x
kiindtir;mthnyama;3357;682;x
dalairey_wastes;anbennar1455;3187;284;x
arberith_wastes;loneliest_whales;2127;1843;x
ekyunimoy;ciasuhul;1024;1572;x
slegcal;randrunnse;824;1533;x
desert_of_the_haraf;arbcyrr;1338;1990;x
tsilo;sea_of_midnight;1023;1988;x
tsiloa;rezankost;2022;341;x
hitsby;north_trollsbay;1218;1349;x
darkgroves;darkgroves;1125;1001;x
the_impenetrable;the_impenetrable;1115;1039;x
cestirmark;west_bloodgroves_coast;1381;1351;x
clafaidh;clafaidh;511;1625;x
greywood_creek;trollcoast;1228;1213;x
soupspoone;trollcoast;1217;1203;x
okhispier;trollcoast;1210;1190;x
shofashok;shofashok;1198;1180;x
achukkoa;achukkoa;1188;1148;x
altarcliff;northern_reapers_coast;1166;1102;x
pale_coast;southern_reapers_coast;1134;1080;x
maskport;southern_reapers_coast;1119;1071;x
silvergard;southern_reapers_coast;1110;1062;x
cheshoshtchuka;southern_reapers_coast;1143;1100;x
bonebridge;northern_reapers_coast;1186;1122;x
jayekmoot;west_trollsbay;1228;1306;x
lionshire;north_trollsbay;1283;1367;x
smallmouth;west_trollsbay;1205;1297;x
spit_of_fate;cape_mordun;1140;967;x
dolmthir;dolmthir;789;1522;x
eirminn;randrunnse;854;1524;x
fogrim;fogrim;747;1571;x
jhorgashirr;jhorgashirr;740;1588;x
snecholle;randrunnse;740;1625;x
murdbogg;eigras_gate;728;1678;x
darblath;fogharabh;589;1652;x
gemradbogg;eigras_gate;675;1739;x
buthir;eigras_gate;639;1777;x
reotpont;reotpont;597;1791;x
marathmas;marathmas;575;1769;x
sarpont;fogharabh;523;1741;x
gelamlan;randrunnse;808;1589;x
gemradtiog;eigras_gate;815;1698;x
eighleid;eighleid;543;1686;x
ferusg;fogharabh;563;1662;x
egstrel;anesgara_current;548;1792;x
eltgorr;eltgorr;574;1642;x
veskhrelab;western_broken_sea;910;1809;x
raithtall;raithtall;531;1629;x
arangreen;west_bloodgroves_coast;1414;1362;x
farrug;fogharabh;453;1621;x
arrflor;arrflor;464;1516;x
virb;virb;476;1495;x
arakeprun;arakeprun;472;1481;x
elchos;elchos;471;1467;x
letih;milsgelp_shelf;469;1460;x
korskille;milsgelp_shelf;462;1438;x
kairncal;milsgelp_shelf;468;1415;x
gathgob;sarmadfar;472;1389;x
calcip;sarmadfar;496;1387;x
alfrik;sarmadfar;522;1380;x
bagcatir;sarmadfar;540;1376;x
marmorac;elarbarc;576;1390;x
dearktir;elarbarc;596;1409;x
gannag;elarbarc;623;1414;x
murdkather;elarbarc;663;1426;x
siksath;elarbarc;672;1422;x
lusrac;elarbarc;636;1418;x
gallagran;elarbarc;675;1410;x
urdoc;urdoc;661;1381;x
billel;elarbarc;656;1394;x
molgthir;elarbarc;638;1346;x
soldarcam;soldarcam;599;1334;x
gosgaclann;fograc_gulf;503;1282;x
budhorac;fograc_gulf;570;1288;x
lismel;fograc_gulf;452;1247;x
farsenn;eastern_eor_islands;343;1157;x
sardach;western_eor_islands;139;1108;x
huytzlarn_pesemi;east_haraf_coast;1075;957;x
mtzacuatencos;east_haraf_coast;1038;975;x
benter_yolli;east_haraf_coast;1025;999;x
yanquibar;east_haraf_coast;997;996;x
xaybatencos;east_gulf_of_haraf;953;1002;x
xochializtli;east_gulf_of_haraf;952;1019;x
tictlamtzo;east_gulf_of_haraf;933;1028;x
terticac;east_gulf_of_haraf;909;1059;x
tzahyocni;east_gulf_of_haraf;876;1078;x
yocnichtec;west_gulf_of_haraf;840;1068;x
kibiilchun;kibiilchun;808;1035;x
yeakoleo;west_gulf_of_haraf;812;1008;x
paleptalkal;west_gulf_of_haraf;794;978;x
leembalkal;west_gulf_of_haraf;780;957;x
lepkaoo;artificers_coast;750;941;x
tirpaoo;artificers_coast;734;926;x
yaleembal;artificers_coast;711;901;x
soostarnapo;artificers_coast;673;907;x
kiluiolob;kiluiolob;635;891;x
mioleptixepi;silent_coast;606;904;x
kalirxepi;silent_coast;560;942;x
sooltol;silent_coast;544;954;x
ptaleilhu;harafroy_inlet;518;988;x
tolalkal;harafroy_inlet;521;971;x
enchunu;harafroy_inlet;502;1013;x
rafkabahn;rafkabahn;525;1053;x
marlas;obscured_approach;1582;838;x
neankabahn;neankabahn;592;1073;x
fadhin;north_gate_sea;1801;1121;x
thorimcost;north_gate_sea;1806;1091;x
east_verten;east_verten;1398;1035;x
fat_end;west_bloodgroves_coast;1435;1311;x
distnirael;distnirael;1707;943;x
gaddodcodd;west_gulf_of_haraf;845;1037;x
calmharbour;calmharbour;873;1022;x
dagger_point;stormy_bight;884;985;x
tomanton;stormy_bight;856;952;x
crooked_island;crooked_island;960;968;x
tlaylhu;east_haraf_coast;1013;982;x
arpolail;north_lovers_pass;1084;909;x
bristailean;coast_of_vanburia;909;830;x
einnsag;glorelthir;374;1531;x
southpoint;matni_sea;1019;754;x
leliathail;coast_of_vanburia;967;750;x
bayfield;steel_bay;1030;794;x
wretchedcliff;coast_of_vanburia;1005;802;x
ricardsport;steel_bay;1044;806;x
erlanswood;matni_sea;1089;799;x
ruinharbour;ruinharbour;1121;827;x
greenhill;greenhill;1085;839;x
naraine;naraine;1038;848;x
ryail;south_lovers_pass;1144;776;x
sorpolail;north_amadia_coast;1092;704;x
edith_island;cape_bronrin;956;682;x
rionfort;matni_sea;1060;783;x
coreg_islands;western_scattered_islands;791;650;x
madala_islands;madala_islands;937;540;x
galindas_point;bay_of_respite;1349;825;x
wild_respite;bay_of_respite;1400;779;x
misty_hills;davies_coast;1416;846;x
thundering_damp;davies_coast;1433;809;x
rootmoors;bay_of_respite;1423;759;x
davies_tussock;davies_tussock;1443;837;x
obstruction_bay;obscured_approach;1527;798;x
green_landing;green_landing;1556;779;x
poor_mans_paradise;poor_mans_paradise;1621;809;x
emerald_coast;endrals_way;1673;807;x
aahitonana;silverten_pass;1722;766;x
clouded_point;obscured_approach;1502;832;x
obscured_hills;davies_coast;1471;811;x
sanguine_jungle;sanguine_jungle;1391;762;x
gardens_of_doom;bay_of_respite;1369;773;x
mutantroot;mutantroot;1301;797;x
neuros;neuros;1250;791;x
overgrown_harbor;overgrown_harbor;1462;795;x
valleypass;valleypass;1572;779;x
ehonifil;leechdens_norfen;1703;713;x
ugachi;leechdens_norfen;1641;689;x
nifiltoha;leechdens_norfen;1608;681;x
hitohanifil;leechdens_norfen;1592;668;x
machunana;leechdens_norfen;1562;639;x
aahitomachu;aahitomachu;1554;625;x
chimenhiti;chimenhiti;1608;646;x
tohahaha;leechdens_middanfen;1628;624;x
tihichi;tihichi;1626;567;x
ehomachu;ehomachu;1643;587;x
ehomekchti;ehomekchti;1653;627;x
zulzulchi;leechdens_sorfen;1707;634;x
numlmipi;leechdens_sorfen;1690;595;x
ixix;ixix;1749;618;x
nafahitoha;nafahitoha;1780;603;x
selmekchtinana;leechdens;1817;624;x
nifmekchtinana;wouduel;1778;629;x
ixoth;leechdens_norfen;1622;675;x
zuloth;leechdens_middanfen;1667;645;x
nurcu;nurcu;1774;711;x
nurmipi;nurmipi;1745;693;x
zulnurgoro;leechdens;1804;673;x
ixnurgoro;wouduel;1751;636;x
dusinust;dusinust;1853;604;x
dusinvi;dusinvi;1880;584;x
tswohvoksel;tswohvoksel;1914;584;x
munoust;munoust;1964;582;x
airuoa;lais_approach;1993;580;x
ainemuno;ainemuno;1982;547;x
quiet_isle;lais_approach;1904;657;x
orone;orone;2005;551;x
thalasoron;thalasoron;2044;553;x
thamusand;thamusand;2037;598;x
munooon;coast_of_singers;2045;534;x
uuamaine;uuamaine;2053;498;x
voaand;voaand;2061;479;x
ainekesthi;ainekesthi;2091;460;x
aisu_kiindtir;aisu_kiindtir;2132;418;x
ksullas;ksullas;2133;382;x
aithamandand;lai_promontory_coast;2187;331;x
three_hatchlings;tailsight;2269;391;x
parnarca;tailsight;2297;454;x
nesting_cove;tailsight;2315;482;x
voyage_point;voyage_point;2333;525;x
curmarket;southflipper_coast;2391;424;x
carvers_point;southflipper_coast;2460;400;x
beach_of_bronzeplume;beach_of_bronzeplume;2353;505;x
greatbay;shell_bay;2404;516;x
longgulf;longgulf;2448;472;x
aisuaisu;radiant_straits;2098;311;x
aisukesthi;radiant_straits;2080;314;x
uumunkes;rezankost;2016;350;x
uuamoon;rezankost;2004;337;x
aelukesthi;suraels_respite;1902;383;x
flocks_atoll;flocks_atoll;2266;130;x
samawah;samawah;2140;258;x
sornellenn;sunshade_bay;2114;194;x
newshore;sunset_approach;2164;218;x
jesters_point;sunset_approach;2185;191;x
timber_lagoon;radiant_straits;2079;239;x
silvarin;coast_of_timber;2029;235;x
ainellenn;sunshade_bay;2074;178;x
neckbump;coast_of_timber;2016;206;x
copperfell;coast_of_timber;2006;192;x
eresveren;eresveren;2004;164;x
sandpaper;sunshade_bay;2043;158;x
gladeshire;sunshade_bay;2021;115;x
port_alvar;port_alvar;1949;148;x
timberpoint;outer_rays;1912;119;x
penguinsedge;sunshade_bay;1984;82;x
manta_ray;manta_ray;1903;220;x
severed_islets;resplendent_rift;1902;290;x
nur_elizna;resplendent_rift;1850;311;x
matsyamvil;kila_toram;1742;207;x
minkorai;katal_koraim;1725;263;x
uorvi;suraels_respite;1867;390;x
moimoiksul;suraels_respite;1849;383;x
kiaooron;suraels_respite;1833;364;x
sorukesthi;suraels_respite;1793;366;x
orothaua;orothaua;1778;360;x
aneaurey;south_lovers_pass;1217;768;x
danamus;danamus;1210;737;x
behansoru;behansoru;1193;726;x
vinemouth;vinemouth;1320;789;x
tohachahiti;leechdens_middanfen;1617;573;x
lirani;lirani;1138;679;x
oomul;north_amadia_coast;1150;708;x
mantur;mantur;1130;655;x
elilen;elilen;1089;644;x
bani;bani;1065;633;x
woobora;cape_bronrin;1025;616;x
akoson;west_trollsbay;1210;1339;x
limrei;bacoon_bight;1056;591;x
dawenban;dawenban;1068;562;x
locpuncara;bacoon_bight;1064;550;x
birchos;bacoon_bight;1092;528;x
wena_sinechaiubis;bay_of_adenn;1129;509;x
cara_banqum;bay_of_adenn;1136;495;x
puwambatu;bay_of_adenn;1160;474;x
coosimba;bay_of_adenn;1178;452;x
pelletton;north_trollsbay;1301;1345;x
firrfrem;east_bloodgroves_coast;1502;1359;x
palaya_orenkoraim;katal_koraim;1719;271;x
ursibamkq;katal_koraim;1745;287;x
tskebor;katal_koraim;1787;330;x
purti;katal_koraim;1758;300;x
yinladsibstir;katal_koraim;1694;260;x
korrimadhala;korrimadhala;1696;234;x
arbcyrr;eastern_floeway;1315;1996;x
curiyankad;kila_toram;1696;188;x
thekvussam;kila_toram;1686;155;x
galaskorrim;vyechei_vussam;1654;163;x
nagar_vyechei;vyechei_vussam;1640;176;x
varanyachend;vyechei_vussam;1619;179;x
anakalchend;vyechei_vussam;1579;201;x
tayakorrim;vyechei_vussam;1556;211;x
korrimutren;chendhyan_dent;1515;210;x
kilavussam;katal_koraim;1695;213;x
abhenn;abhenn;1561;1381;x
enretvil;vyechei_vussam;1547;185;x
new_varlosen;north_trollsbay;1270;1358;x
paarisavil;paarisavil;1676;100;x
auradenov;chendhyan_dent;1473;207;x
bystcaxap;chendhyan_dent;1456;198;x
haebysziund;chendhyan_dent;1432;189;x
hussarnbyst;chendhyan_dent;1416;175;x
empkeios;empkeios;1206;217;x
agosos;axehead_gulf;1194;220;x
kheilokos;axehead_gulf;1180;218;x
dhanam;axehead_gulf;1162;215;x
rinigos;axehead_gulf;1140;224;x
elokos;axehead_gulf;1121;227;x
totemsglade;west_trollsbay;1219;1280;x
astormam;astormam;1394;148;x
ameion;chendhyan_dent;1393;124;x
aspaniroga;chendhyan_dent;1396;137;x
teesratkh;kheyeana_reaches;1379;98;x
qakhathez;kheyeana_reaches;1361;84;x
deyeion;deyeion;1348;55;x
soteriedion;kheyeana_reaches;1329;44;x
knkholayh;the_passage;1274;30;x
serigso;serigso;1198;208;x
keyolion;keyolion;1166;203;x
poroga;axehead_gulf;1140;187;x
rgesdeam;axehead_gulf;1150;177;x
soreion;axehead_gulf;1144;171;x
theion;theion;1143;164;x
eneion;iona_coast;1143;144;x
ykhraeolag;iona_coast;1143;136;x
akrexyl;akrexyl;1130;124;x
besolaki;besolaki;1140;102;x
grnaeghuzi;grnaeghuzi;1122;94;x
phr_kynd;phr_kynd;1109;82;x
apikhoxi;cleaved_sea_approach;1110;58;x
proylasi;cleaved_sea;1038;155;x
dnagutakh;cleaved_sea_approach;1145;39;x
dyekhaes;the_passage;1164;28;x
amgremos;the_passage;1181;18;x
hoargrass;north_trollsbay;1226;1354;x
serigthan;the_passage;1215;22;x
ar_drkethrobh;the_passage;1249;25;x
anisoton;cleaved_sea_approach;1119;29;x
anisikheion;anisikheion_redoubt;1029;66;x
agonisi;central_islands;1044;126;x
serigastisi;beran_waters;1079;208;x
vothelisi;vothelisi;1100;227;x
somelisi;axehead_gulf;1113;184;x
cosan;axehead_gulf;1089;168;x
animelos;axehead_gulf;1125;216;x
anisidhan;deathwind_tip;1094;294;x
anisigo;anisigo;1063;298;x
gakorochos;gakorochos;986;315;x
dhanopadi;difer_coast;990;293;x
arpedifer;kimanis_bank;981;280;x
metiser;metiser;991;270;x
oktikheion;kimanis_bank;992;258;x
kimanis;kimanis;993;246;x
astolion;kimanis_bank;1017;232;x
aniser;kimanis_bank;1001;244;x
arpenisi;deathwind_tip;1061;276;x
degakheion;bay_of_ormam;1014;212;x
eiothen;bay_of_ormam;1006;186;x
ormam;bay_of_ormam;971;183;x
eionasi;bay_of_ormam;986;160;x
shieldgrowth;trollcoast;1261;1233;x
sothan;lokemeion_coast;941;119;x
torexyl;lokemeion_coast;910;132;x
lokemeion;lokemeion_coast;945;148;x
basothoam;lokemeion_coast;885;121;x
anisoga;iona_coast;1112;114;x
otzaluisghe;south_candish_sea;845;112;x
anikhein;anikhein;1071;122;x
urartola;coast_of_eltikan;822;143;x
alosthana;alosthana;858;187;x
gonomoro;gonomoro;871;214;x
urargora;thenon_current;886;243;x
tinideoro;tinideoro;905;275;x
sereostina;sereostina;943;313;x
sidlar;bay_of_ormam;975;153;x
serigeltisi;cleaved_sea;1047;206;x
stalwart_outpost;stalwart_outpost;1519;1608;x
unaicost;north_gate_sea;1724;1192;x
eyjkasver;icebreaker_pass;1524;1964;x
mijaeyjr;icebreaker_pass;1549;1963;x
hvlurfloi;fjordwash;1588;1947;x
storshellan;pale_waters;1613;1965;x
helgeyj;pale_waters;1624;1947;x
sanureyj;fjordwash;1566;1906;x
nyhofn;pale_waters;1708;1929;x
yrstjerdin;pale_waters;1750;1954;x
karnel;eigras_gate;664;1825;x
torriailean;western_broken_sea;887;1921;x
iforiail;bay_of_verencel;1155;1845;x
fadhionan;sealdive;1106;1955;x
celodircal;bay_of_verencel;1215;1880;x
cannbeloch;cannbeloch;1203;1937;x
fospont;fograc_gulf;566;1213;x
hafnar;upper_dalairey_coast;1604;1714;x
kaldstron;upper_dalairey_coast;1648;1711;x
ayrhol;iceberg_alley;1689;1727;x
zornkost;zornkost;3816;1109;x
lankost;jadd_sea;3862;1109;x
davharral;raghamidesh_sea;3913;1119;x
edesukeru;jadd_sea;3764;1104;x
kesud;salahad_bay;3741;1097;x
daqalm;salahad_bay;3684;1083;x
vyr_cirentyn;anbennar3598;5321;855;x
unused136;anbennar1398;5224;1137;x
unused137;anbennar1409;5208;1103;x
unused138;anbennar1409;5168;1076;x
unused141;unused141;5217;1171;x
unused146;anbennar1409;5153;1057;x
unused149;anbennar1359;5120;1042;x
unused157;anbennar1359;5071;1023;x
unused158;unused158;5009;966;x
unused159;anbennar1357;4999;986;x
unused160;anbennar3661;4970;975;x
unused169;anbennar3661;4959;969;x
hlakkavatn;reavers_coast;2762;1909;x
drekkodr;frozen_pass;2857;1870;x
jokullvoss;titans_walk_coast;2935;1914;x
broddrvloi;gerudian_bank;3046;1865;x
unusedland36;anbennar1336;3982;453;x
unusedland37;unusedland37;4049;461;x
unusedland39;anbennar1333;4117;511;x
unusedland41;unusedland41;4200;304;x
unusedland42;anbennar1329;4260;449;x
unusedland43;anbennar1616;4389;375;x
unusedland44;unused76;2932;518;x
unusedland45;unused75;2953;512;x
unusedland46;anbennar1464;3093;734;x
unusedland47;anbennar1464;3063;745;x
unusedland48;tibokyuye_point;3117;745;x
unusedland49;unusedland49;3092;752;x
unusedland50;cape_loranakodro;3176;618;x
unusedland51;unusedland51;3246;579;x
unusedland52;unusedland52;3262;569;x
unusedland53;anbennar1603;3285;549;x
unusedland54;unused74;3351;646;x
unusedland55;unused74;3373;626;x
unusedland56;twilight_isles;4163;862;x
unusedland57;twilight_isles;4107;831;x
unusedland58;unusedland58;4126;801;x
unusedland59;unusedland59;4273;777;x
unusedland60;lungdou_coast;4258;729;x
unusedland61;unused112;4368;749;x
unusedland62;boufeng_islands;4429;678;x
unusedland63;anbennar1623;4258;587;x
unusedland64;anbennar4333;3379;540;x
unusedland65;anbennar4333;3396;514;x
unusedland66;anbennar4333;3412;485;x
unusedland67;anbennar1625;3445;511;x
unusedland68;anbennar1625;3491;559;x
unusedland69;unusedland69;3474;575;x
unusedland70;unused82;3542;559;x
unusedland72;the_endless_abyss;6;6;x
unusedland83;unusedland83;4956;1097;x
unusedland135;anbennar3661;4962;951;x
unusedland139;anbennar3608;4909;859;x
unusedland140;anbennar3608;4870;848;x
unusedland143;unusedland143;5066;928;x
unusedland144;unusedland144;5054;902;x
unusedland145;unusedland145;5022;889;x
unusedland146;unusedland146;5028;879;x
unusedland147;unusedland147;4992;883;x
unusedland148;unusedland148;4979;866;x
unusedland149;unusedland149;5009;861;x
unusedland150;anbennar3604;5020;854;x
unusedland151;unusedland151;5139;892;x
unusedland153;unusedland153;5121;895;x
unusedland156;unusedland156;4864;845;x
unusedland157;unusedland157;4904;852;x
unusedland158;unusedland158;4926;844;x
unusedland162;unusedland162;4935;839;x
unusedland164;unusedland164;5010;817;x
unusedland165;anbennar3605;5014;803;x
unusedland169;unusedland169;5038;793;x
unusedland170;anbennar3605;5015;815;x
unusedland171;anbennar3605;5024;837;x
unusedland177;unusedland177;5165;877;x
unusedland178;unusedland178;5203;856;x
unusedland179;unusedland179;5242;845;x
unusedland180;unusedland180;5306;847;x
unusedland181;unusedland181;5278;826;x
unusedland182;unusedland182;5286;817;x
unusedland183;anbennar3598;5315;811;x
unusedland184;anbennar3597;5301;786;x
unusedland185;anbennar3597;5291;786;x
unusedland186;anbennar3597;5284;776;x
unusedland187;anbennar3597;5292;753;x
unusedland188;anbennar3596;5268;768;x
unusedland201;anbennar3593;5066;660;x
unusedland214;anbennar3594;5134;661;x
unusedland215;anbennar3594;5120;657;x
unusedland217;anbennar3593;5087;649;x
unusedland218;anbennar3594;5159;671;x
rnw;anbennar3596;5248;776;x
rnw;anbennar3596;5240;734;x
rnw;anbennar3596;5210;700;x
rnw;anbennar3596;5178;664;x
rnw;anbennar3593;5050;650;x
rnw;anbennar3593;5026;618;x
rnw;anbennar3593;5005;596;x
rnw;anbennar3593;4976;583;x
rnw;anbennar3593;4967;572;x
rnw;anbennar3592;4934;550;x
rnw;anbennar3592;4897;563;x
rnw;anbennar3592;4871;546;x
rnw;anbennar3591;4839;540;x
rnw;anbennar3591;4802;538;x
rnw;rnw;4857;443;x
rnw;anbennar3591;4862;441;x
rnw;anbennar3590;4845;396;x
rnw;rnw;5182;1220;x
rnw;rnw;5189;1182;x
rnw;anbennar1357;5040;1016;x
rnw;anbennar1357;5018;1008;x
rnw;anbennar3607;4962;929;x
rnw;anbennar3607;4956;903;x
rnw;anbennar3608;4940;847;x
rnw;anbennar3606;4963;886;x
rnw;anbennar3606;4985;887;x
rnw;anbennar3609;4981;908;x
rnw;anbennar3608;4859;845;x
rnw;anbennar3581;4653;928;x
rnw;anbennar3569;4721;672;x
rnw;anbennar3566;4715;657;x
rnw;rnw;4695;641;x
rnw;anbennar3564;4663;572;x
rnw;rnw;4655;551;x
rnw;anbennar3563;4641;471;x
rnw;anbennar3563;4635;452;x
rnw;anbennar3586;4612;417;x
rnw;anbennar3563;4612;469;x
rnw;anbennar3563;4647;513;x
anbennar4178;danas_naza;3413;1332;x
khinana;raghamidesh_sea;3925;1134;x
avhavubhiya;raghamidesh_sea;3945;1127;x
arapatan;raghamidesh_sea;3970;1117;x
sarkhashabid;sarkhashabid;3983;1107;x
dvirashar;coast_of_iyarhashar;4034;1059;x
dvipaskaya;coast_of_iyarhashar;3989;1095;x
rashaidhu;coast_of_iyarhashar;4005;1077;x
bavijay;coast_of_iyarhashar;4016;1065;x
pakhuravan;gulf_of_rahen;4043;1099;x
sardika;sardika;4046;1069;x
pharanay;sardika_coast;4040;1081;x
bharabagha;sardika_coast;4036;1094;x
tujgal;gulf_of_rahen;4056;1103;x
biyijinda;gulf_of_rahen;4076;1102;x
nubidriya;gulf_of_rahen;4083;1112;x
tanyatta;gulf_of_rahen;4096;1122;x
subkaliss;jadd_sea;3783;1095;x
sramaya;gulf_of_rahen;4103;1133;x
tiphiya;tiphiya;4066;1032;x
ishudhen;ishudhen;4091;1108;x
reanthung;gulf_of_rahen;4105;1127;x
niabptaa;niabptaa;4105;1111;x
telebei_fingers;gulf_of_rahen;4112;1100;x
tevi_cmor;gulf_of_rahen;4115;1090;x
kruengruk;outer_gulf;4130;1084;x
bnangmor;outer_gulf;4126;1074;x
prukakhin;outer_gulf;4140;1066;x
trikhom;outer_gulf;4143;1052;x
karpyearong;outer_gulf;4150;1032;x
sekudtan;gulf_of_gon;4169;1039;x
skarkaophe;gulf_of_gon;4189;1048;x
anbennar4658;anbennar4658;627;1107;x
new_hope;bay_of_hope;2208;1108;x
hook_cape;hook_cape;1895;1295;x
flaruan;flaruan;1892;1271;x
telcestir;pirendral_strait;1894;1142;x
bright_beach;bright_beach;1970;1225;x
bruaine;pirendral_strait;1814;1180;x
cape_of_mists;severed_bay;1664;1250;x
pralung;unused106;4225;1043;x
bihon_caung;unused106;4230;1018;x
lindou;tamran_sea;4238;983;x
cay_cam_sinh;tamran_sea;4249;1004;x
hebatabuh;tamran_sea;4258;996;x
gulunug;tamran_sea;4261;972;x
pingurnsai;tamran_sea;4256;952;x
lawantug;sunshine_point;4249;916;x
aksa_sanuyego;sunshine_point;4242;882;x
wemurwul;unused110;4265;888;x
mangayan;unused110;4284;908;x
trazerinaw;unused110;4293;912;x
curite;bay_of_lupulan;4317;917;x
tunupansai;bay_of_lupulan;4331;922;x
kusun;merchants_gate;4372;925;x
phaktaiden;phaktaiden;4387;960;x
kaisanthi;binhrung_coast;4384;999;x
kangcau;binhrung_coast;4385;1022;x
ranaxarhe;phokhao_pass;4404;1075;x
hintantich;binhrung_coast;4388;1037;x
thalomxav;phokhao_pass;4419;1097;x
mairuk;unused106;4209;1052;x
talyasgam;merchants_gate;4366;877;x
kuta;merchants_gate;4357;920;x
houdouwo;sunshine_point;4190;880;x
monglingsaau;black_flag_sea;4091;973;x
sekngon;phokhao_pass;4420;1148;x
ginjyu;phokhao_pass;4433;1140;x
zyugok;phokhao_pass;4453;1161;x
tianlou;tianlou_bay;4543;1301;x
tikok;jellyfish_coast;4531;1253;x
dioungidong;jellyfish_coast;4519;1247;x
feiten;jellyfish_coast;4514;1232;x
hehong;jellyfish_coast;4509;1214;x
cuihiok;cuihiok;4468;1168;x
douuan;jellyfish_coast;4485;1186;x
dongngan;jellyfish_coast;4493;1196;x
hean;tianlou_bay;4546;1277;x
beikdugang;tianlou_bay;4567;1315;x
mingyuangang;tianlou_bay;4577;1326;x
jikpo;sea_of_spears;4551;1358;x
heikhai;heikhai;4516;1354;x
shangbu;shangbu;4504;1369;x
yiguan;sea_of_spears;4508;1382;x
wenqiao;sea_of_spears;4532;1423;x
jiantsiang;sea_of_spears;4521;1398;x
keoaden;binhrung_coast;4405;1052;x
pakpon_haitri;unused106;4234;1032;x
hasiksibou;hasiksibou;4267;961;x
arawkelin;bay_of_lupulan;4309;909;x
damaogong;damaogong;4503;1355;x
hegolar;hegolar;4273;1837;x
cholamin;cholamin;4343;1844;x
chokuk;chokuk;4413;1844;x
birin;birin;4450;1872;x
tuuchuweg;clouded_bay;4543;1887;x
godurman;godurman;4591;1836;x
javeejog;javeejog;3775;1878;x
maruukitord;raevaton_cove;3755;1819;x
ponrentan;kukatodic_bight;3683;1813;x
karjrenta;karjrenta;3668;1761;x
uarenain;uarenain;3678;1730;x
godhhosh;godhhosh;3704;1715;x
arrainma;tsaeshuurgs_doom;3718;1695;x
hoadileach;tsaeshuurgs_doom;3726;1675;x
socharrain;tsaeshuurgs_doom;3740;1655;x
risdharsunh;kyhjudamic_gulf;3715;1632;x
tinhtoogh;tinhtoogh;3706;1622;x
dochradurscaen;dochradurscaen;3703;1608;x
agshing_alchar;agshing_alchar;3731;1618;x
urscaenzamh;northern_utparshqar_gulf;3783;1583;x
tughealshud;tughealshud;3766;1620;x
tirughuunn;tirughuunn;3782;1607;x
domnust;domnust;3795;1574;x
oirghsegh;oirghsegh;3812;1573;x
fathughobu;fathughobu;3839;1572;x
imulotpaek;imulotpaek;3845;1531;x
faanhosegh;faanhosegh;3871;1532;x
arbheyuul;arbheyuul;3897;1556;x
rithkochd;rithkochd;3914;1571;x
gurghosegh;gurghosegh;3937;1579;x
toraghnleag;taynuya_coast;3950;1598;x
tririmain;tririmain;3990;1606;x
abalgyuul;abalgyuul;3998;1613;x
anuarboogh;anuarboogh;4009;1634;x
tonhmochd;keyahlkho_sea;4010;1654;x
naglaigazamh;oriolg_channel;4012;1675;x
aporllann;aporllann;4010;1699;x
olmarsunh;olmarsunh;4022;1702;x
tairsunh;tairsunh;4051;1705;x
stargaenan;koverek;4059;1715;x
oyehosegh;koverek;4055;1740;x
thaibunsegh;thaibunsegh;4219;1815;x
thurbinscaen;thurbinscaen;4206;1824;x
garechata;garechata;4187;1845;x
itorstarg;itorstarg;4154;1844;x
adhmalaenan;adhmalaenan;4059;1773;x
inaersligh;inaersligh;4060;1817;x
regchocon;regchocon;4123;1840;x
dechbagar;dechbagar;4083;1841;x
adoirughd;osnemjaar_sea;4056;1793;x
bogigtonh;bogigtonh;4036;1783;x
aluunvagla;koverek;4012;1772;x
abosrekodh;abosrekodh;4026;1783;x
zurkanrek;osnemjaar_sea;4022;1790;x
kozuurnkhiin;kozuurnkhiin;4023;1798;x
kovtalzar;haraighun_bay;3990;1779;x
ichunzer;ichunzer;4008;1810;x
yarumudh;yarumudh;3990;1808;x
eniikhonrek;eniikhonrek;3976;1805;x
ikogshonrek;haraighun_bay;3973;1779;x
khirntozgon;sagat_coast;3961;1808;x
haraigizenhi_bulrek;haraighun_bay;3953;1789;x
zigtoitzai;zigtoitzai;3959;1780;x
khugatseig;khugatseig;3963;1765;x
tzidoilhol;qarshtuluu_inlet;3950;1762;x
ultakal;avdilonkh_sea;3966;1754;x
shikkesh;qarshtuluu_inlet;3938;1763;x
cergutozgon;qarshtuluu_inlet;3921;1772;x
orizer;orizer;3934;1812;x
enjonrek;enjonrek;3916;1803;x
kozuurigur;kozuurigur;3902;1783;x
ermagerek;qarshtuluu_inlet;3911;1772;x
lankuuhsta;lankuuhsta;3883;1755;x
akuutengen;qarshtuluu_inlet;3919;1759;x
sotleeja_pagata;gulf_of_marekiiv;3909;1739;x
alyalt;alyalt;3933;1748;x
chortalzar;chortalzar;3949;1742;x
bazur_qarshtuluu;bazur_qarshtuluu;3962;1736;x
zurka_qarshtuluu;zurka_qarshtuluu;3967;1732;x
negechimudh;negechimudh;3975;1725;x
orilgbulrek;orilgbulrek;3987;1699;x
karnuyatushlaq;karnuyatushlaq;3983;1686;x
yizuqkeyil;oriolg_channel;3983;1674;x
ornuyatushlaq;zoximari_gulf;3963;1674;x
qirnuyaqoqov;zoximari_gulf;3957;1685;x
aragakhunar;zoximari_gulf;3948;1691;x
tolgusrek;zoximari_gulf;3931;1696;x
kamapkod;kamapkod;3906;1725;x
mizaqtoch;zoximari_gulf;3920;1696;x
narkel;zoximari_gulf;3924;1680;x
jungyukaroy;zoximari_gulf;3909;1675;x
jazqishogtoch;jazqishogtoch;3893;1701;x
bozkuqayla;zoximari_gulf;3905;1671;x
marekiiv;marekiiv;3876;1689;x
tayerigliq;zoximari_gulf;3903;1665;x
kayigaydon;sayinkel_coast;3899;1658;x
tarmikushloy;sayinkel_coast;3890;1649;x
vaskargall;vaskargall;3863;1682;x
chelkota_qayla;chelkota_qayla;3877;1631;x
urukaril;sayinkel_coast;3881;1613;x
doynuyaqushloy;darvoyaryil;3852;1611;x
qirnuyalaroq;qirnuyalaroq;3830;1616;x
buruvaqoyla;northern_utparshqar_gulf;3830;1592;x
joglikunazmoq;joglikunazmoq;3807;1610;x
taynuyatay;darvoyaryil;3858;1631;x
pavorshogtoch;teipuuvokja_sea;3820;1649;x
kanlaameevbahti;kanlaameevbahti;3839;1693;x
sinesadma;sinesadma;3824;1685;x
muadele;muadele;3813;1683;x
valralahdi;teipuuvokja_sea;3812;1651;x
vantnhasadma;teipuuvokja_sea;3804;1645;x
vuusdsadma;vurtijitten_sea;3789;1649;x
kukatordi;vurtijitten_sea;3784;1661;x
tieraspua;vurtijitten_sea;3771;1663;x
taalehpung;taalehpung;3781;1684;x
javeesild;tsaeshuurgs_doom;3758;1670;x
zabyostlar;zabyostlar;3860;1609;x
lankina;vurtijitten_sea;3777;1660;x
hamhavisadma;teipuuvokja_sea;3833;1641;x
sinekaanb;voimlik_sea;3793;1917;x
ponvoolris;puulkaadis_coast;3855;1939;x
piikanvosaamua;puulkaadis_coast;3891;2000;x
jogonmo;coast_of_moduk;4622;1705;x
muongori;biyengi_shore;4685;1627;x
sulgerin;sulgerin;4652;1679;x
myeongha;myeongha;4695;1495;x
onman;bay_of_onman;4707;1514;x
ikchon;bay_of_onman;4736;1525;x
byeokseo;bay_of_onman;4749;1558;x
manjangdan;manjangdan;4717;1591;x
gohaean;south_gowon_sea;4682;1459;x
juhang;south_gowon_sea;4631;1426;x
jikhuush;sea_of_spears;4578;1426;x
khaangek;sea_of_spears;4557;1427;x
nakseseom;biyengi_shore;4725;1722;x
istanuz;istanuz;3682;1047;x
azka_szel_udam;salahad_bay;3715;1035;x
kerusah;kerusah;3752;1018;x
irkorgrax;irkorgrax;3787;988;x
beri_gnidi;tiger_coast;3837;991;x
bakrast_khaj;bakrast_khaj;3825;974;x
berparwedeb;berparwedeb;3841;970;x
sakatiyaro;sakatiyaro;3877;981;x
biribitid;tiger_coast;3899;959;x
dakmender;tiger_coast;3913;953;x
bjumadara;bjumadara;3928;950;x
riyiwedeb;horn_of_sarhal;3977;935;x
rishowedeb;rishowedeb;4018;954;x
ofireri;ofireri;4036;973;x
bekwa_eparta;bekwa_eparta;4072;946;x
irkan_eparta;irkan_eparta;4081;919;x
venebratbiy;unused103;4078;897;x
yetmesira;yetmesira;4053;857;x
lipmekat;lipmekat;4057;833;x
rufuembta;anbennar1342;4061;804;x
goufeingon;goufeingon;4060;768;x
guwazi;anbennar1614;4083;720;x
fuhoengwaan;anbennar1341;4046;694;x
gubamalmay;gubamalmay;4040;646;x
kaziradoka;kaziradoka;4016;622;x
degutkombe;anbennar1340;3978;613;x
daabapwabi;anbennar1339;3935;624;x
zyumaklai;anbennar1614;4137;726;x
katikbumay;anbennar1339;3907;649;x
mkulanka_kabila;anbennar1339;3894;655;x
gyumtihini;gyumtihini;3880;644;x
amafisumaz;amafisumaz;3873;606;x
anbennar5631;anbennar1338;3857;580;x
anbennar5634;anbennar1338;3837;546;x
ilbaakhnim_dhamakeed;ilbaakhnim_dhamakeed;3831;533;x
dasmatus;maqeti_coast;3737;1039;x
kunolo;kunolo_bay;3157;851;x
zokek;kunolo_bay;3150;837;x
gbujeru;kunolo_bay;3172;837;x
tiboktsamo;tiboktsamo;3182;804;x
tukabe;tukabe;3239;777;x
ovekafa;ovekafa;3212;793;x
banji;banji;3139;821;x
ninakaire;latran_coast;3001;790;x
stoutmarch;latran_coast;3020;789;x
timberland;tora_delta;3045;785;x
marids_bay;tora_delta;3072;780;x
new_hookfield;tora_delta;3106;787;x
port_narawen;tora_delta;3125;797;x
selcost;latran_coast;2971;764;x
fort_whittington;anbennar1465;2942;752;x
grahams_landing;anbennar1466;2846;753;x
crovanspier;anbennar1465;2912;736;x
the_bump;sandspite_approach;2633;1160;x
smugglers_cache;corsair_reaches;2459;1090;x
pawprint;bumpy_waves;2689;1055;x
xhuxuu;sandspite_gulf;2801;984;x
zitan_tomon;zitan_tomon;2793;972;x
turro;turro;2776;961;x
wiw_reku;ovekafa_coast;3192;807;x
ganimeor;ganimeor;2809;791;x
sant_bernal;anbennar1467;2801;840;x
saya_bugu;anbennar1467;2812;876;x
sigilan;anbennar1467;2804;889;x
pipi_abada;pipi_abada;2748;956;x
sinadaba;anbennar1467;2783;899;x
nosivy;saikinoma_pass;3179;746;x
teramtvara;anbennar1461;3153;686;x
mapiltra;mapiltra;3210;707;x
lelajik;lelajik;3246;669;x
onkelymapo;onkelymapo;3265;626;x
ibidisfa;cape_loranakodro;3224;621;x
linavy;linavy;3348;565;x
ananiltra;anbennar1603;3342;534;x
trumbataze;anbennar4346;3397;448;x
diratond;anbennar4346;3358;421;x
agaya;anbennar1460;3399;569;x
karshyr;anbennar1459;3438;551;x
zuvavim;saikinoma_pass;3233;758;x
zugvuma;unused72;3258;735;x
uret;anbennar1462;3280;719;x
chibuswa;anbennar1462;3293;712;x
bivuzena;anbennar1462;3312;697;x
sant_laurente;sant_laurente;4012;486;x
bud_vanhu;anbennar1462;3337;680;x
amiri;anbennar1462;3344;680;x
igazimpa;unused74;3375;659;x
mthnyama;mthnyama;3361;673;x
ulongatonga;unused74;3375;649;x
mfakil;mfakil;3387;631;x
sekas_kiyk;unused74;3396;612;x
rathas_kiyk;anbennar1459;3411;586;x
gokadas_kiyk;anbennar1459;3438;597;x
karassk;karassk;3464;604;x
narasad;narasad;3477;627;x
narachuak;unused80;3499;638;x
khugra;khugra;3509;650;x
sekas_atsla;anbennar1458;3527;644;x
tartashmirik;anbennar1458;3544;634;x
tsish_nagaya;unused81;3565;618;x
ksad_nazhni;ksad_nazhni;3583;609;x
nazhni;unused81;3593;593;x
nazhni_tressik;unused81;3614;581;x
ra_sharitsaya;anbennar1457;3646;592;x
gokadas_soro;unused85;3676;592;x
jas_shar;unused123;3842;397;x
etarshyn;unused85;3691;593;x
khatynsek;unused85;3711;569;x
shar_ashamad;anbennar1456;3714;544;x
mabeedkedwa;anbennar1337;3859;493;x
almajutaqa;unused122;3825;494;x
dhul_yingidar;unused121;3791;510;x
qasri_ubakhiyo;unused121;3769;516;x
tsutshaga;anbennar1625;3527;529;x
kethenkad;anbennar1457;3632;566;x
mubfadodja;anbennar1456;3696;522;x
peen;anbennar1457;3660;535;x
eawuba;eawuba;3754;499;x
janab_swaba;janab_swaba;3741;488;x
miridhinfay;miridhinfay;3762;492;x
qasri_jamiilkh;qasri_jamiilkh;3784;437;x
qasri_kallumahida;qasri_kallumahida;3789;474;x
qasri_dakaadifu;qasri_dakaadifu;3820;452;x
bada_bilad;anbennar1335;3833;438;x
qasri_warani;qasri_warani;3824;433;x
qasri_fooryinka;qasri_fooryinka;3843;423;x
jas_mabeed;jas_mabeed;3829;394;x
jas_janab;unused88;3843;376;x
kallayaad;unused88;3853;349;x
ghubamadhed;unused124;3875;360;x
yukuhatbuur;anbennar1448;3875;327;x
dagaal_mwamin;dagaal_mwamin;3907;345;x
qasri_almadeheda;anbennar1448;3911;282;x
magaalad_qasr;magaalad_qasr;3903;276;x
magurisadaqaa;magurisadaqaa;3938;362;x
qasri_abeesooyinka;qasri_abeesooyinka;3715;541;x
pumzish_haayo;pumzish_haayo;4094;550;x
ardim_qarast;ardim_qarast;4084;477;x
cape_medron;anbennar1328;4251;486;x
coriokot;anbennar1330;4162;386;x
elsine;anbennar1329;4238;420;x
magdalena;anbennar1446;4132;190;x
armanhal;anbennar1330;4108;365;x
shorrageed;anbennar1331;4280;211;x
rasthanas;rasthanas;4254;203;x
sant_galaal;anbennar1446;4222;190;x
jaylaansland;anbennar1446;4169;182;x
port_marcan;port_marcan;4139;190;x
cape_lokke;cape_lokke;4112;170;x
port_qayn;anbennar1447;4076;169;x
arthapowani;anbennar1447;4050;176;x
aslinwatch;anbennar1331;4280;264;x
carcharor_isle;carcharor_isle;4181;133;x
isles_of_dha;anbennar1331;4273;198;x
paxet_keidgaz;sandspite_gulf;2841;1155;x
southern_sandspite;the_endless_abyss;6;6;x
northern_sandspite;the_endless_abyss;6;6;x
qasri_murayhd;unused125;3958;383;x
shipsmashed;shipsmashed;2566;846;x
anbennar6129;unused76;2879;547;x
anbennar6130;unused75;3076;427;x
anbennar6131;anbennar1627;2884;418;x
port_berkhen;port_berkhen;2864;437;x
arca_sarai;anbennar1627;2828;395;x
voyagers_coast;anbennar1627;2863;397;x
sinwauk;unused115;4298;696;x
salayuti;lungdou_coast;4265;705;x
lanobuk;fohei_sea;4327;676;x
panhenaw;lungdou_coast;4274;713;x
uyan;uyan;4289;781;x
taldaayo;unused111;4332;821;x
leboyuti;unused112;4332;777;x
gitinalas;gitinalas;4365;665;x
inahmang;unused113;4334;726;x
angamang;unused115;4347;692;x
ilauti;boufeng_islands;4387;656;x
kalamga;kalamga;4323;698;x
kasimga;kasimga;4305;726;x
anbennar6150;the_endless_abyss;6;6;x
dagasag;unused114;4276;748;x
awauta;fohei_sea;4326;646;x
batamis;batamis;4292;749;x
anbennar6154;anbennar3650;4692;1068;x
anbennar6155;anbennar3652;4707;1094;x
anbennar6156;anbennar3585;4671;1100;x
anbennar6157;anbennar6157;4696;1148;x
anbennar6158;anbennar3649;4731;1154;x
anbennar6159;anbennar6159;4707;1188;x
anbennar6160;anbennar6160;4731;1208;x
anbennar6161;anbennar6858;4775;1286;x
anbennar6162;anbennar6162;4772;1233;x
anbennar6163;anbennar3632;4876;1332;x
anbennar6164;anbennar6164;4811;1232;x
anbennar6166;anbennar3645;4849;1221;x
anbennar6167;anbennar3648;4746;1181;x
anbennar6169;anbennar3646;4771;1175;x
anbennar6170;anbennar3649;4752;1147;x
anbennar6172;anbennar6172;4768;1192;x
anbennar6174;anbennar3646;4794;1179;x
anbennar6176;anbennar1402;4831;1175;x
anbennar6177;anbennar3645;4844;1201;x
anbennar6178;anbennar6178;4804;1210;x
anbennar6179;anbennar6179;4670;1078;x
anbennar6180;anbennar3640;4956;1296;x
anbennar6181;anbennar1402;4855;1176;x
anbennar6182;anbennar6182;4681;1129;x
anbennar6183;anbennar3642;4933;1224;x
anbennar6184;anbennar6184;4890;1175;x
anbennar6185;anbennar3644;4905;1248;x
anbennar6186;anbennar3639;5018;1291;x
anbennar6188;anbennar6188;4915;1182;x
anbennar6189;anbennar1399;4949;1248;x
anbennar6190;anbennar1399;4973;1224;x
anbennar6191;anbennar6191;4957;1268;x
anbennar6193;anbennar6193;4937;1274;x
anbennar6194;anbennar6194;4983;1322;x
anbennar6195;anbennar3638;5037;1333;x
anbennar6197;anbennar3638;5083;1338;x
anbennar6199;anbennar6199;5000;1220;x
anbennar6200;anbennar3650;4669;1035;x
anbennar6201;anbennar6201;4906;1202;x
anbennar6203;anbennar3640;4979;1268;x
anbennar6204;anbennar6204;4995;1280;x
anbennar6205;anbennar6205;5001;1248;x
anbennar6206;anbennar6206;4939;1106;x
anbennar6207;anbennar3649;4713;1126;x
anbennar6209;anbennar1410;5043;1254;x
anbennar6210;anbennar6210;5071;1278;x
anbennar6212;anbennar6212;5038;1310;x
anbennar6213;anbennar3637;5087;1291;x
anbennar6215;anbennar3637;5099;1313;x
anbennar6216;anbennar3660;5104;1266;x
anbennar6217;anbennar3640;4966;1302;x
anbennar6218;anbennar3637;5125;1328;x
anbennar6219;anbennar3660;5148;1265;x
anbennar6221;anbennar6221;5124;1269;x
anbennar6222;anbennar3635;5179;1284;x
anbennar6224;anbennar3636;5164;1295;x
anbennar6225;anbennar3637;5124;1287;x
anbennar6226;anbennar3639;5011;1321;x
anbennar6227;anbennar3637;5128;1310;x
anbennar6228;anbennar3636;5155;1314;x
anbennar6229;anbennar3636;5170;1315;x
anbennar6230;anbennar3636;5187;1301;x
anbennar6231;anbennar3635;5229;1277;x
anbennar6232;anbennar3635;5244;1258;x
anbennar6233;anbennar1407;5266;1269;x
anbennar6234;anbennar6234;5338;1151;x
anbennar6235;anbennar1400;5315;1211;x
south_toreiel;anbennar1403;5448;997;x
north_toreiel;anbennar1403;5496;1114;x
anbennar6265;fjordsbay;2679;2016;x
draelheim;draelheim;2737;1918;x
rainbow_cove;anbennar1466;2875;735;x
raddack;raddack;2979;772;x
princess_margotta_island;anbennar1467;2785;845;x
rialore;anbennar1466;2801;807;x
anbennar6482;anbennar3564;4680;607;x
kiindthamus;sunset_approach;2205;269;x
the_rim;the_rim;1836;918;x
the_rim;modslivern;1396;1478;x
jerkhizuuri;jerkhich_islands;4814;1995;x
jerkhazuura;jerkhich_islands;4872;1940;x
kottar_orenkoraim;katal_koraim;1736;279;x
rienstore;anbennar1330;4127;364;x
graygrave;graygrave;4101;326;x
djinnsland;anbennar1447;3994;240;x
barakat;unused125;3981;426;x
otasaire;anbennar1328;4225;500;x
hortosare;hortosare;4159;527;x
wattokasri;wattokasri;4192;506;x
verenpier;anbennar1330;4104;346;x
hab_alta;anbennar1330;4082;329;x
newthicket;anbennar1447;4020;199;x
ardimtelava;anbennar1329;4192;447;x
new_harasclide;anbennar1329;4181;418;x
cascost;cascost;4234;293;x
sant_aadan;sant_aadan;4135;330;x
port_samaan;anbennar1331;4269;215;x
stonethrow;anbennar1447;3994;224;x
cedor;anbennar1446;4197;186;x
van;unused103;4087;945;x
havafony;havafony;3164;728;x
lelanan;unused71;3198;695;x
sahanafo;sovalelnosy_sea;3126;701;x
tibokyuye;tibokyuye_point;3133;730;x
torapilefa;anbennar1461;3170;668;x
alafo;alafo;3188;725;x
enampireni;cape_loranakodro;3137;654;x
jakavafo;sovalelnosy_sea;3079;675;x
mahinosy;mahinosy;3161;652;x
mboikata;anbennar1461;3187;660;x
lanazok;unused71;3208;673;x
loranakodro;anbennar1461;3195;653;x
kiankabosy;kiankabosy;3227;653;x
havivoka;cape_loranakodro;3206;630;x
ndyuye;ndyuye;3247;630;x
torapivolo;ibidintely_coast;3238;604;x
ibidintely;ibidintely_coast;3257;597;x
serakavy;serakavy;3289;621;x
mirenimbo;mirenimbo;3319;627;x
sikajiola;ibidintely_coast;3293;581;x
oronsinoma;anbennar1603;3313;566;x
rambatsan;anbennar1460;3354;595;x
amezahva;amezahva;3306;486;x
afokata;afokata;3345;464;x
angoitra;angoitra;3346;506;x
dirajikody;dirajikody;3354;476;x
antsampisy;anbennar4333;3384;487;x
afampitro;unused70;3343;445;x
sovalytond;unused70;3336;427;x
afahandro;afahandro;3421;429;x
teramzadai;anbennar4346;3375;439;x
tebovany;tebovany;3382;429;x
ofavi;anbennar1602;3363;465;x
wakookombe;anbennar1342;4052;789;x
joenghoenggong;anbennar1614;4065;702;x
kiyagibo;anbennar1342;4070;746;x
indeg_magrep;indeg_magrep;3998;943;x
tnismot;tnismot;3962;927;x
sooasda;horn_of_sarhal;4005;974;x
masphire;masphire;4063;963;x
vishdezpa;vishdezpa;4089;917;x
neekshaff;anbennar1343;4064;872;x
jezarpizu;black_flag_sea;4025;988;x
rat_arapet;tiger_coast;3937;938;x
waarakayba;anbennar1456;3711;554;x
deghudi_biyo;deghudi_biyo;3843;520;x
haqishabaqa;unused122;3803;493;x
qasri_mjeeda;unused121;3762;508;x
qasri_ila;anbennar1335;3845;476;x
qasri_bariga;qasri_bariga;3870;477;x
fushindi_tuur;unused86;3759;474;x
cusuub_qasr;anbennar1448;3926;267;x
qasri_maroodiqya;unused123;3854;397;x
qasri_aqoon;unused124;3923;338;x
qasri_guulwashi;unused87;3812;416;x
dagaalsh_baashi;anbennar1448;3943;278;x
anbennar6758;katal_koraim;1748;304;x
anbennar6760;anbennar6760;3159;1384;x
anbennar6761;anbennar6761;3177;1312;x
humacs_island;gulf_of_ouord;3093;1432;x
anbennar6850;unusedland162;4951;834;x
anbennar6863;anbennar3632;4950;1319;x
anbennar6864;anbennar6864;4920;1214;x
anbennar6865;anbennar1402;4876;1161;x
anbennar6866;anbennar6866;4862;1139;x
anbennar6868;anbennar3649;4730;1113;x
anbennar6869;anbennar6869;4836;1119;x
anbennar6870;anbennar1402;4872;1130;x
anbennar6872;anbennar3637;5073;1266;x
anbennar6873;anbennar1368;4997;1203;x
anbennar6874;anbennar1368;4965;1183;x
anbennar6875;anbennar6875;5016;1174;x
anbennar6876;anbennar3658;5070;1230;x
anbennar6877;anbennar6877;5108;1213;x
anbennar6878;anbennar6878;5143;1232;x
anbennar6879;anbennar6879;5153;1235;x
anbennar6880;anbennar6880;5146;1220;x
anbennar6881;anbennar6881;5139;1209;x
anbennar6883;anbennar6883;5120;1189;x
anbennar6884;anbennar3659;5108;1174;x
anbennar6885;anbennar3657;5078;1154;x
anbennar6886;anbennar6886;5054;1160;x
anbennar6890;anbennar6890;5116;1172;x
anbennar6891;anbennar3657;5093;1152;x
anbennar6893;anbennar6893;5064;1152;x
anbennar6894;anbennar3655;4951;1140;x
anbennar6895;anbennar3655;4949;1104;x
anbennar6896;anbennar3655;4971;1138;x
anbennar6897;anbennar6897;4990;1147;x
anbennar6898;anbennar6898;5010;1153;x
anbennar6899;anbennar6899;5029;1151;x
anbennar6901;anbennar6901;4968;1123;x
anbennar6903;anbennar6903;4964;1113;x
anbennar6907;anbennar6907;4913;1124;x
anbennar6908;anbennar6908;4929;1112;x
anbennar6909;anbennar6909;4887;1106;x
anbennar6912;anbennar6912;4831;1097;x
anbennar6915;anbennar6915;4817;1095;x
anbennar6917;anbennar6917;4795;1091;x
anbennar6918;anbennar6918;4767;1071;x
anbennar6919;anbennar6919;4759;1068;x
anbennar6920;anbennar3651;4755;1071;x
anbennar6921;anbennar3651;4741;1063;x
anbennar6922;anbennar6922;4723;1059;x
anbennar6925;anbennar3650;4702;1043;x
anbennar6926;anbennar6926;4701;1026;x
anbennar6929;anbennar1417;4699;1006;x
anbennar6930;anbennar1417;4682;990;x
anbennar6934;anbennar6934;4672;969;x
anbennar6935;anbennar6935;4665;971;x
anbennar6936;anbennar6936;4672;1002;x
anbennar6939;anbennar6939;4653;919;x
anbennar6940;anbennar6940;4643;901;x
anbennar6942;anbennar3581;4621;885;x
anbennar6944;anbennar3581;4617;863;x
anbennar6948;anbennar3575;4644;810;x
anbennar6949;anbennar3575;4629;815;x
anbennar6951;anbennar6951;4600;852;x
anbennar6952;anbennar3575;4605;831;x
anbennar6953;anbennar3568;4565;813;x
anbennar6954;anbennar3575;4614;821;x
anbennar6955;anbennar3573;4645;801;x
anbennar6956;anbennar6956;4642;789;x
anbennar6957;anbennar6957;4666;785;x
anbennar6958;anbennar6958;4665;767;x
anbennar6959;anbennar3570;4666;756;x
anbennar6960;anbennar6960;4683;773;x
anbennar6961;anbennar3572;4691;748;x
anbennar6962;anbennar6962;4676;738;x
anbennar6963;anbennar3565;4699;712;x
anbennar6964;anbennar3565;4687;706;x
anbennar6965;anbennar6965;4683;697;x
anbennar6966;anbennar6966;4707;689;x
anbennar6967;anbennar3573;4660;803;x
anbennar6968;anbennar6968;4685;787;x
anbennar6971;anbennar3574;4711;760;x
anbennar6982;anbennar3572;4701;739;x
anbennar6984;anbennar3569;4709;712;x
anbennar6985;anbennar3569;4722;694;x
anbennar7028;anbennar3591;4796;525;x
